idPk,isPrivate,cost,objectives,reaches,specificSupports,typeSupports,daysToOperations,responsabilityPerson,cover,requirements,accesibility,others,scheduleExtraordinary,otherExtraordinaryAttention,attentionFrecuency,Items_idPk
1,0,gratuito,"Mejorar la calidad de vida de la persona con discapacidad y sus familias","Mejorar las habilidades del usuario con discapacidad para que mejore su calidad de vida","Programa para mejorar las habilidades de las personas con discapacidad del cantón.",Grupales,{},"Ocupación: Trabajadora social. Formación académica: Psicóloga y Educadora Experiencia: Más de 3 años Otras destrezas:","Carrillo y alrededores","Tener discapacidad leve o cognitiva, ser del cantón de Carrillo, se debe llamar para pedir una cita con la trabajadora social para luego poder empezar el curso.","A nivel de infraestructura la municipalidad no posee estructura con acceso para personas con discapacidad, sin embargo, la nueva Vice Alcaldesa está en reuniones con la Vicepresidencia de la República para buscar fondos y programas que ayuden a consolidar el trabajo en pro de mejoras y cumpimiento de la ley 7600.","No brinda información.",0,-,"- Semanal",1
2,1,"No brinda información.","Brindar el servicio de terapia de lenguaje a niños que necesiten de este para mejorar su calidad de vida.","Mejorar la calidad de vida del niño que tiene problemas de lenguaje y habla, para que pueda desempeñarse mejor.",Psicología,Individuales,{},"Ocupación: Educación Especial preescolar Formación académica: Licenciados Experiencia: más de 5 años Otras destrezas:",Guanacaste,"Matricularse en el centro.","Si es accesible","Información tomada de red social y página web.",0,-,-Diario,2
3,1,"No brinda información.","Brindar el servicio de terapia de lenguaje a niños que necesiten de este para mejorar su calidad de vida.","Mejorar la calidad de vida del niño que tiene problemas de lenguaje y habla, para que pueda desempeñarse mejor.","Terapia de Lenguaje",Individuales,{},"Ocupación: Educación Especial preescolar Formación académica: Licenciados Experiencia: más de 5 años Otras destrezas:",Guanacaste,"Matricularse en el centro.","Si es accesible","No brinda información.",0,-,-Diario,3
4,1,Gratis.,"Poder ayudar a todas las personas con discapacidad y sus familias en la península de Nicoya y Santa Teresa, Guanacaste.","Mejorar la condiciones económicas y físicas de las personas con discapacidad de la Península de Nicoya.","No brinda información.","No brinda información.",{},"Ocupación: Presidente de la asociación, madre de una persona con trastorno mental. Formación académica: Técnica manicurista. Experiencia: Más de 9 años de ser madre y tener experiencia. Otras destrezas:",Puntarenas,"Familia de la persona con discapacidad, mayor de edad, tener transporte propio y colaborar con una cuota a la asoc.","No poseen las condiciones, ya que no poseen local, se reúnen y atienden en casa de unas de las miembros.","Según lo expresado, no poseen recursos, y en la Península de Nicoya hay muchos niños con discapacidad. Están ubicados en Paquera, Puntarenas sin embargo, debido a su ubicación geográfica, representan toda la Península de Nicoya. No poseen logo.",1,-,-,4
5,1,Gratis,"Permitir la independencia a las personas con discapacidad.","Ayudar a la población de Guanacaste a solicitar ayuda o bien lograr sus objetivos para permitir su independencia.","Asesoría sobre trámites y leyes en Costa Rica.",Individuales,{},"Ocupación: Administradora de empresas. Formación académica: Lic. administrador de empresas, Experiencia: 5 años de experiencia. Otras destrezas: 2 años con la asociación.",Guanacaste.,"Persona con discapacidad o familia que deseen ayuda o asesoría sobre procedimiento estatales para pedir ayudas económicos u otras.","Se atienden consultas principalmente por teléfono.","Según lo expresado por la persona entrevistada, están trabajando en losFines:, misión, visión.",1,-,-,5
6,0,"No brinda información.","Mejorar la calidad de salud de los pacientes de consulta externa que necesiten el servicio médico en ortopedia.","Brindar servicios de ortopedia a pacientes que asisten al este hospital, para mejorar su calidad de salud de acuerdo a su necesidad en ortopedia.","ortopedia en consulta externa o si están internados en el hospital.",Individuales,{},"Ocupación: Médicos Ortopedistas Formación académica: Licenciados y doctores Experiencia: más de 10 años Otras destrezas:",Guanacaste,"Ser de Guanacaste, estar asegurado con la CCSS o tener derecho al seguro por medio de un familiar, tener cédula o pasaporte vigente, Sacar cita en el hospital para este servicio consulta externa, indicada por el médico de su atención en la ventanilla respectiva.","Si los reúne.","No brinda información.",0,-,-,6
7,0,"No brinda información.","Mejorar la calidad de salud de los pacientes de consulta externa que necesiten el servicio médico en fisioterapia.","Brindar servicios de fisioterapia por medio de consulta externa a pacientes que asisten al este hospital, para mejorar su calidad de salud de acuerdo a su necesidad en fisioterapia.",Fisioterapia,Individuales,{},"Ocupación: Fiosterapeutas Formación académica: Licenciados Experiencia: más de 10 años Otras destrezas:",Guanacaste,"Ser de Guanacaste, estar asegurado con la CCSS o tener derecho al seguro por medio de un familiar, tener cédula o pasaporte vigente, Sacar cita en el hospital para este servicio consulta externa, indicada por el médico de su atención en la ventanilla respectiva.","Si los reúne.","No brinda información.",0,-,-,7
8,0,"No brinda información.","Mejorar la calidad de salud de los pacientes de consulta externa que necesiten el servicio médico en psiquiatría.","Brindar servicios de psiquiatría a pacientes que asisten al este hospital, para mejorar su calidad de salud de acuerdo a su necesidad en psiquiatría.","Psiquiatra en consulta externa o si están internados en el hospital.",Individuales,{},"Ocupación: Psiquiatras Formación académica: Licenciados y doctores Experiencia: más de 10 años Otras destrezas:",Guanacaste,"Ser de Guanacaste, estar asegurado con la CCSS o tener derecho al seguro por medio de un familiar, tener cédula o pasaporte vigente, Sacar cita en el hospital para este servicio consulta externa, indicada por el médico de su atención en la ventanilla respectiva.","Si los reúne.","No brinda información.",0,-,-,8
9,1,Gratis,"Brindar terapia física gratuita a persona en situación de pobreza.","Mejorar la calidad de vida a través de la terapia física.","Terapia y rehabilitación física.",Individuales,{},"Ocupación: Médica Especialista en Rehabilitación Física en la Fundación Formación académica: Lic. Médica Especialista en Rehabilitación Física en la Fundación Experiencia: Más de 25 años de practicar la medicina. Otras destrezas: No hay.",Guanacaste.,"Persona con discapacidad motora, con énfasis a personas en situación de pobreza.","Las consultas y sesiones de terapia se dan dentro del hospital, el lugar cuenta con las condiciones.","Según lo expresado por la persona entrevistada, la Fundación necesita de un espacio físico apto para poder brindar una mejor atención, aSi como personal capacitado en el tema de discapacidad.",0,-,"- Semanal",9
10,1,"Desde ¢10 mil colones al mes, depende de la condición económica de la persona.","Permitir la independencia mejorar su capacidad motora.","Mejorar calidad de vida.","Alquiler de sillas de ruedas.",Individuales,{},"Ocupación: Presidenta de la asoc. Formación académica: Bachiller de educación media Experiencia: 20 años de experiencia, la presidente es persona con discapacidad motora. Otras destrezas: Cursos aprobados de Comprensión y autoestima",Hojancha,"Toda persona de Hojancha con discapacidad motriz. Se da prioridad a las personas en situación de pobreza, se hace un pequeño estudio e investigación para ver si la persona está en realidad en ese estado.","El lugar de reunión Si reúne las condiciones.","No brinda información.",0,-,-,10
11,1,"Cuota voluntaria para mantenimiento de la asociación","Permitir la independencia mejorar su capacidad motora e intelectual en desarrollo de actividades manuales.","Mejorar calidad de vida.","Terapia física.",Grupales,{},"Ocupación: Presidenta de la asoc. Formación académica: Bachiller de educación media Experiencia: 20 años de experiencia, la presidente es persona con discapacidad motora. Otras destrezas: Cursos aprobados de Comprensión y autoestima",Hojancha,"Toda persona de Hojancha con discapacidad motora e intelectual.","El lugar de reunión Si reúne las condiciones.","No brinda información.",0,-,-,11
12,0,"No brinda información.","Mejorar la calidad de salud de los pacientes de consulta externa que necesiten el servicio médico en Audiometrías.","Brindar servicios de Audiometrías a pacientes que asisten al este hospital, para mejorar su calidad de salud de acuerdo a su necesidad en Audiometrías.","Audiometrías en consulta externa o si están internados en el hospital.",Individuales,{},"Ocupación: Especialistas en Audiometrías. Formación académica: Licenciados y doctores Experiencia: más de 10 años Otras destrezas:","Provincias: Cartago Cantones: Todos","Ser de la Zona de Cartago, estar asegurado con la CCSS o tener derecho al seguro por medio de un familiar, tener cédula o pasaporte vigente, Sacar cita en el hospital para este servicio consulta externa, indicada por el médico de su atención en la ventanilla respectiva.","Si los reúne.","No brinda información.",0,-,-,12
13,0,"Pagan una mensualidad para alimentación y materiales, pero la mensualidad es relativa para cada uno de los usuarios, se hace un estudio socioeconómico para definir el monto.","Permitir a los usuarios poder tener conocimiento y generar independencia y autoempleo.","Mejorar la calidad de vida a través de la educación.","Recursos didácticos como videos, libros, materiales especiales para desarrollar su motora fina y sensorial.","Individuales y grupales",{},"Ocupación: Educadora Formación académica: Lic. Educación Especial Experiencia: Más de 6 años. Otras destrezas: El grupo lo conforman dos profesionales en educación una con énfasis en educación especial y otra en artes industriales).",Turrialba.,"Se realiza un protocolo de ingreso para evaluar si el usuario puede ser parte del grupo y además se da un periodo de prueba para ver si el usuario aceptado logra adaptarse al grupo.","Si poseen las condiciones.","Actualmente son 66 usuarios, por lo que se han hecho grupos de acuerdo a sus capacidades para aSi poder ir rotonda la terapia física, la cual la reciben un día a la semana de acuerdo a calendario establecido.",0,-,-Diario,13
14,0,"Pagan una mensualidad para alimentación y materiales, pero la mensualidad es relativa para cada uno de los usuarios, se hace un estudio socioeconómico para definir el monto.","Permitir a los usuarios poder tener conocimiento y generar independencia y autoempleo.","Mejorar la calidad de vida a través de la educación.","Recursos didácticos como videos, libros, materiales especiales para desarrollar su motora fina y sensorial. Terapia Fisica, y Terapia Ocupacional (este último se está coordinando con un profesional ya que lo paga la asociación).","Individuales y grupales",{},"Ocupación: El grupo se conforma, por una educadora, una terapeuta física y un profesional de artes industriales. Formación académica: Todos Licenciados y colegiados. Experiencia: Más de 12 años combiandos. Otras destrezas:",Turrialba.,"Se realiza un protocolo de ingreso para evaluar si el usuario puede ser parte del grupo y además se da un periodo de prueba para ver si el usuario aceptado logra adaptarse al grupo.","Si poseen las condiciones.","Actualmente son 66 usuarios, por lo que se han hecho grupos de acuerdo a sus capacidades para aSi poder ir rotonda la terapia física, la cual la reciben un día a la semana de acuerdo a calendario establecido.",0,-,-Diario,14
15,0,"es gratuito pero se recibe cuota voluntaria.","Brindar servicios de apoyo con capacitaciones a las personas con discapacidad que necesiten aprender y mejorar sus habilidades con cursos de computación, administración de archivos o manualidades.","Apoyar a las personas con discapacidad del cantón de Oreamuno de Cartago y alrededores con capacitaciones para que mejoren su calidad de vida.",Capacitaciones,Grupales,{},"Ocupación: Directora de Asociación Formación académica: Licenciada Experiencia: más de 10 años en tema de discapacidad Otras destrezas:",Cartago,"Tener alguna discapacidad y presentarse en la asociación para afiliarse a esta y llenar una boleta con sus datos personales.","Si los reúne, pero necesitan más y mejores recursos.","No brinda información.",0,-,"- Quincenal",15
16,0,"No brinda información.","ofrecer a la población con discapacidad de Cartago, servicios de apoyo para que mejoren sus destrezas, movilidad, aprendizaje y calidad de vida.","Brindar servicios de apoyo a los niños y jóvenes con discapacidad del cantón de Cartago, para mejorar su calidad de vida.","Terapia ocupacional",Grupales,{},"Ocupación: Profesores de Educación Especial Formación académica:Licenciados Experiencia: Más de 6 años Otras destrezas:","Provincias: Cartago Cantones: Oreamuno y alrededores.","Matricularse en el centro educativo y presentar dictamen médico que indique su discapacidad y condición.","Si es accesible.","No brinda información.",0,-,-Diario,16
20,1,"30.000 colones (audiometría) 45.000 colones (Si requiere un examen adicional) tiempo/costo: 1 hora / 30.000 colones o 45.000 colones 10.","Promover la salud auditiva en el paciente (usuario).","Brindar salud auditiva para una calidad de vida mejor del paciente (usuario).","Examen especializado (audiología) para detectar el grado de pérdida auditiva de la persona, que permita determinar el tratamiento, aSi como la necesidad o no, de audífonos","No brinda información.",{},"Ocupación actual del personal responsable: Fundador de la Clínica Formación académica: Master en Audiología Experiencia reconocida: Más de 10 años de experiencia práctica. Destrezas adicionales: Actualización profesional constante Otros de interés: No. Hay 3 audiologas más, con grado de licenciatura en Audiología, incorporadas al Colegio respectivo.","No brinda información.","Toda persona con necesidad del servicio de audiología. Requisitos: Se agenda la cita Puede tener referencia médica, aunque no es requisito Presentarse al examen de evaluación. Se le informa acerca del tratamiento La persona decide si continúa el proceso o no.","Si posee las condiciones de accesibilidad para personas con discapacidad. El personal está capacitado para la atención de personas con discapacidad.","Coordinan con el Hospital Max Peralta de Cartago",1,"-Página web Redes Sociales Correo Electronico",-Diario,20
21,0,"No brinda información.","brindar servicios de apoyo educativo a los estudiantes de esta escuela, para que puedan salir adelante","Enseñar y educar a los niños con discapacidad de este centro con métodos que ellos puedan asimilar más fácil por su discapacidad.","Estimulación Temprana","Individuales y grupales",{},"Ocupación: Profesores de educación especial Formación académica: Licenciados Experiencia: más de 6 años Otras destrezas:",Cartago,"Matricularse en en centro educativo y presentar dictamen médico del hospital.","si es accesible.","No brinda información.",0,-,-Diario,21
22,0,"No brinda información.","brindar servicios de apoyo educativo a los estudiantes de esta escuela, para que puedan salir adelante","Enseñar y educar a los niños con discapacidad de este centro con métodos que ellos puedan asimilar más fácil por su discapacidad.","Enseñanza de lesco",Grupales,{},"Ocupación: Profesores de educación especial Formación académica: Licenciados Experiencia: más de 6 años Otras destrezas:",Cartago,"Matricularse en en centro educativo y presentar dictamen médico del hospital.","si es accesible.","No brinda información.",0,-,-Diario,22
23,1,"De ¢15 mil a ¢30 mil El costo, depende del tratamiento que requiera el paciente","Lograr que la persona usuaria del servicio, tenga mejor condición de salud y superar la situación que le afecta.","Mediante el servicio de terapia física, dar atención pronta para la prevención de lesiones mayores a nivel articular, muscular o neurológico.","Electroterapia, magnetoterapia, radiofrecuencia, terapia manual, ejercicios terapéuticos y correctivos. Rehabilitación preventiva para el equilibrio, fortalecimiento muscular, ortopédico, cervical, lumbar.",Individuales,{},"Ocupación: Terapista Física Formación académica: Licenciada en Fisioterapia, incorporada el Colegio respectivo. Experiencia: Con 10 años de experiencia. Otras destrezas: Actualización y la experiencia adquirida en la Clínica. Otros de interés: No hay.","Provincias: San José, Cartago Cantones: Curridabat, todos los Cantones de Cartago","Requisitos: Puede acceder al servicio cualquier persona con discapacidad o necesidad de rehabilitación física. Solicitud del servicio Se valora la condición de la persona Dependiendo de la valoración, se solicita una referencia médica Se le sugiere el tipo de terapias a recibir. Si la persona acepta, inician las sesiones.","Si cuentan con los accesos en las instalaciones y la prestación de servicios, necesarios de acuerdo a las normas de accesibilidad de la ley 7600 y el Ministerio de Salud.","Servicio de atención personalizado en terapia física y rehabilitación a personas con y sin discapacidad, para mejorar su condición de salud y calidad de vida",1,"- Redes Sociales Correo Electronico Servicio 24/7","-Diario Semanal",23
24,1,"Cuota ¢20 mil por usuario","Mejorar la calidad de vida a través de las manualidades.","Enseñar una manualidad que permita generar independencia a la persona.","No brinda información.",Individuales,{},"Ocupación: Profesional Educación Profesional Formación académica: Bachiller en Educación Especial. Experiencia: 11 años en la asoc. Otras destrezas:",Cartago,"Toda persona con discapacidad no comprometida o esquizofrenia, adulto y adulto mayor. Se aplica un protocolo de ingreso para valorar si puede formar parte del grupo de trabajo.","Si reúne las condiciones.","Actualmente hay 36 usuarios. Se brindan capacitaciones en Manualidades, Panadería y Agricultura Orgánica para generar posibles fuentes de autoempleo.",0,-,-Diario,24
25,0,Gratuito,"Mejorar la manera de aprendizaje de los estudiantes con discapacidad de este centro educativo por medio de una adecuación curricular no significativa","Brindar adecuación no significativa a estudiantes con discapacidad, para que les sea más fácil el aprendizaje y la atención brindada a ellos.","Adecuación Curricular No significativa",Individuales,{},"Ocupación: Educadores en enseñanza Formación académica: licenciados Experiencia: más de 10 años Otras destrezas:",Cartago,"Ser estudiante del Colegio Universitario de Cartago. Presentar una epicrisis o dictamen que indique que tiene alguna discapacidad.","Si, los reúne.","No brinda información.",0,-,-Diario,25
26,0,Gratuito,"Mejorar la manera de aprendizaje de los estudiantes con discapacidad de este centro educativo por medio de una apoyos didácticos de acuerdo a su discapacidad","Brindar apoyos didácticos a estudiantes con discapacidad, para que les sea más fácil el aprendizaje y la atención brindada a ellos.","apoyos didácticos",Individuales,{},"Ocupación: Educadores en enseñanza Formación académica: licenciados Experiencia: más de 10 años Otras destrezas:",Cartago,"Ser estudiante del Colegio Universitario de Cartago. Presentar una epicrisis o dictamen que indique que tiene alguna discapacidad.","Si, los reúne.","No brinda información.",0,-,-Diario,26
27,1,"¢15 mil por mes por usuario si no tienen beca y ¢30 mil por mes por usuario si tienen beca del estado.","Mejorar la calidad de vida de nuestros asociados a través de la educación para que aSi se genere independencia.","Mejorar la calidad de vida de nuestros asociados a través de la educación para que aSi se genere independencia.","Manualidades, artes plásticas, artes industriales, educación especial.","Individuales y grupales",{},"Ocupación: Terapueta Física. Formación académica: Lic. en Terapia Física. Experiencia: 10 años. Otras destrezas: Manejo y cuido de persona con necesidades especiales.",Cartago,"Persona con discapacidad motriz, visual, intelectual no severa, cada uno debe traer una epicrisis, y luego los profesores aplican pruebas para ver si son aptos para poder trabajar con el grupo.","Si poseen las condiciones.","No brinda información.",0,-,-Diario,27
28,1,"¢15 mil por mes por usuario si no tienen beca y ¢30 mil por mes por usuario si tienen beca del estado.","Mejorar la calidad de vida de nuestros asociados a través de la educación para que aSi se genere independencia.","Mejorar la calidad de vida de nuestros asociados a través de la educación para que aSi se genere independencia.","Manualidades, artes plásticas, artes industriales, educación especial, terapia ocupacional, terapia física.","Individuales y grupales",{},"Ocupación: En este campo hay 3 personas trabajando: una Profesora Educación Especial, un Profesor de Artes industriales y una terapeuta física. Formación académica: Lic en Educación con énfasis en educación especial, el profesor de artes industriales es Bachiller en educación con énfasis en artes industriales y la Terapeuta Física la cual es Lic. Experiencia: 6 años la profesora educación especial, 5 años el profesor y 10 años la terapeuta. Otras destrezas: Educación especial, Manejo de personas con necesidades especiales.",Cartago,"Persona con discapacidad motriz, visual, intelectual no severa, cada uno debe traer una epicrisis, y luego los profesores aplican pruebas para ver si son aptos para poder trabajar con el grupo.","Si poseen las condiciones.","No brinda información.",0,-,-Diario,28
29,1,"¢15 mil por mes por usuario si no tienen beca y ¢30 mil por mes por usuario si tienen beca del estado.","Mejorar la calidad de vida de nuestros asociados a través de la educación para que aSi se genere independencia.","Mejorar la calidad de vida de nuestros asociados a través de la educación para que aSi se genere independencia.","Manualidades, artes plásticas, artes industriales, educación especial.","Individuales y grupales",{},"Ocupación: En este campo hay dos personas trabajando: una Profesora Educación Especial y un Profesor de Artes industriales. Formación académica: Lic en Educación con énfasis en educación especial y el profesor de artes industriales es Bachiller en educación con énfasis en artes industriales. Experiencia: 6 años la profesora y 5 años el profesor. Otras destrezas:",Cartago,"Persona con discapacidad motriz, visual, intelectual no severa, cada uno debe traer una epicrisis, y luego los profesores aplican pruebas para ver si son aptos para poder trabajar con el grupo.","Si poseen las condiciones.","No brinda información.",0,-,-Diario,29
30,0,"No tiene","Brindar apoyo por medio de donaciones económicas a las ONG´s para personas con discapacidad del cantón.","Presupuesto para apoyar ONG’S que atienden personas con discapacidad en el Cantón.","Serv. Apoyo económico.","No brinda información.",{},"Ocupación: encargados departamento social. Formación académica: Lic. en Psicología.","El cantón de Cartago","Debe ser una ONG que pertenezca al cantón de Cartago, que se encuentre al día y que sea dirigida a las personas con discapacidad.","Si cuenta con accesos.","No brinda información.",0,-,-,30
31,1,"Mensualidad para ser socio: ¢2.200 x mes, y los cursos de manualidades van desde ¢5 mil por mes aproximadamente para materiales.","Mejorar la calidad de vida a través del recreo y esparcimiento.","Brindar manualidades para mejorar la calidad de vida.","Manualidades diversas, se desarrollan varios proyectos por año.",Individuales,{},"Ocupación: Asociado. Formación académica: Técnico. Experiencia: Manualidades varias. Otras destrezas:",Cartago,"Lo único que se solicita la epicrisis y la cédula o documento de identificación válido.","Si poseen las condiciones.","No brinda información.",0,-,-Diario,31
32,0,"Los usuarios pagan una cuota voluntaria, la cual se establece según estudio socioeconómico por cada usuario, esta cuota es para comprar materiales y alimentación (cuota voluntaria).","Mejorar capacidades y habilidades blandas de las Personas con Discapacidad adultas de Paraíso a través de un CAIPAD, aSi como la administración de un programa de cuido, donde habitan personas con discapacidad, denominado Hogar Grupal.","Brindar un servicio social y ocupacional a personas con discapacidad adultas, a través del Caipad, el cual se especializa en mejorar sus capacidades y habilidades blandas. Dar un lugar donde habitar la persona con discapacidad adulta en el Hogar Grupal, cuya administración es de la Asociación, lo demás es del CONAPDIS","Educación especial, lecto-escritura, matemáticas básicas, educación para el hogar y educación física.",Grupales,{},"Ocupación: Profesora educación especial Formación académica: Lic. Educación Especial. Experiencia: Más de 5 años. Otras destrezas: Hay 3 profesionales, uno en educación especial, una en educación para el hogar y otro prof. de educación física.","Paraíso Cartago","Con discapacidad motriz, intelectual no severa, visual, auditiva. Se realiza un protocolo de ingreso para analizar si el usuario podrá adaptarse al grupo.","Si poseen.","No brinda información.",0,-,-Diario,32
33,0,"No brinda información.","Mejorar la calidad de salud de los pacientes de consulta externa que necesiten el servicio médico en Audiometría.","Brindar servicios de audiometría por medio de consulta externa a pacientes que asisten al este hospital, para mejorar su calidad de salud de acuerdo a su necesidad en Audiometría.","Audiometría en consulta externa",Individuales,{},"Ocupación: Médicos especialistas en audiometría Formación académica: Doctores Experiencia: más de 10 años Otras destrezas:","San Ramón","Ser de la Zona de San Ramón, estar asegurado con la CCSS o tener derecho al seguro por medio de un familiar, tener cédula o pasaporte vigente, Sacar cita en el hospital para este servicio consulta externa, indicada por el médico de su atención en la ventanilla respectiva.","Si los reúne.","No brinda información.",0,-,-,33
34,0,Gratis,"Apoyo con Asesoría Legal y Defensa de los Derechos Humanos de las personas con discapacidad. Atención profesional interdisciplinaria.","Brindar la posibilidad de mejora de calidad de vida de la PcD de la zona norte.","Asesoría Legal y Defensa de los Derechos Humanos","Individuales y grupales",{},"Ocupación: Abogado Formación académica: Lic. Abogado Experiencia: 4 años Otras destrezas: Derechos humanos","San Carlos","Ser vecina de la zona, tener una discapacidad o bien ser familiar de la persona.","Si posee.","No brinda información.",1,"- Servicio 24/7",-Diario,34
35,0,Gratis,"Brindar un servicio de calidad a las personas con discapacidad y sus familiares, promoviendo actividades para una mejor calidad de vida.","Haber incrementado la igualdad de oportunidades a la población con discapacidad al resto de la población.","Atención de personas adultas con discapacidad con énfasis en educación, salud, ocupacional y recreación.",Individuales,{},"Ocupación: Educadora con recargo directora Formación académica: Lic. Educación Especial Experiencia: 8 años Otras destrezas:",Upala,"Mayor de edad, presentar epicrisis o certificación del CONAPDIS. SE aplica un protocolo de ingreso para saber si el usuario podrá adaptarse al grupo.","Si poseen las condiciones.","Actualmente hay 57 beneficiarios. Los usuarios pagan ¢2 mil colones por mes como cuotas voluntarias para mantenimiento del lugar.",0,-,-Diario,35
36,0,"No brinda información.","Atender curricularmente con talleres de capacitación a personas con discapacidad de Grecia.","Atender curricularmente con talleres de capacitación a personas con discapacidad de Grecia.","Educación especial curricular, educación física, artes plásticas, artes industriales.",Individuales,{},"Ocupación: Educador Formación académica: Lic. Educación Especial Experiencia: Más de 5 años. Otras destrezas: Actualmente trabajan como un centro educativo del MEP, llamado Educación Abierta. Poseen 6 profesores, todos Licenciados, todos pagados por el MEP. Hay 2 educadores especiales, 1 profesor de informática, 1 profesor de educación física, 1 profesor de artes plásticas, 1 profesor artes industriales. No son CAIPAD aún.",Grecia,"Ser mayor de 21 años, tener epicrisis certificada del CONAPDIS, ser vecino de la zona y aplicar a un protocolo de ingreso de entrevista personal a la familia y al usuario par saber si podrá formar parte del grupo.","Si posee las condiciones.","No brinda información.",0,-,"- Semanal",36
37,1,Gratis,"Permitir mejorar la calidad de vida de la persona con discapacidad.","Ayudar a la persona en situación de riesgo social, vecina de Palmares.","Ayudas económicas en efectivo o bien su equivalente en pañales, sueros, vitaminas, transporte.",Individuales,{},"Ocupación: Comerciante Formación académica: Fiscal de la junta directiva de la ONG. Experiencia: Más de 7 años con la asoc. Otras destrezas:","Palmares, Alajuela.","Valoración Social: de familias y personas con discapacidad que requieren apoyo.","Si posee las condiciones.","No brinda información.",1,"-Página web Redes Sociales",-Diario,37
38,1,"Gratis (en caso de ser préstamo) o bien alquilado por cuota voluntaria.","Permitir mejorar la calidad de vida de la persona con discapacidad.","Ayudar a la persona en situación de riesgo social, vecina de Palmares.","Alquiler de sillas ruedas no ortopedicas.",Individuales,{},"Ocupación: Comerciante Formación académica: Fiscal de la junta directiva de la ONG. Experiencia: Más de 7 años con la asoc. Otras destrezas:","Palmares, Alajuela.","Valoración Social: de familias y personas con discapacidad que requieren apoyo.","Si posee las condiciones.","No brinda información.",1,"-Página web Redes Sociales",-Diario,38
39,1,"Gratis (en caso de ser préstamo) o bien alquilado por cuota voluntaria.","Permitir mejorar la calidad de vida de la persona con discapacidad.","Ayudar a la persona en situación de riesgo social, vecina de Palmares.","Serv. Alquiler de Andaderas",Individuales,{},"Ocupación: Comerciante Formación académica: Fiscal de la junta directiva de la ONG. Experiencia: Más de 7 años con la asoc. Otras destrezas:","Palmares, Alajuela.","Valoración Social: de familias y personas con discapacidad que requieren apoyo.","Si posee las condiciones.","No brinda información.",1,"-Página web Redes Sociales",-Diario,39
40,1,"Gratis (en caso de ser préstamo) o bien alquilado por cuota voluntaria.","Permitir mejorar la calidad de vida de la persona con discapacidad.","Ayudar a la persona en situación de riesgo social, vecina de Palmares.","Alquiler de Camas Hospitalarias, incluye el colchón impermeable.",Individuales,{},"Ocupación: Comerciante Formación académica: Fiscal de la junta directiva de la ONG. Experiencia: Más de 7 años con la asoc. Otras destrezas:","Palmares, Alajuela.","Valoración Social: de familias y personas con discapacidad que requieren apoyo.","Si posee las condiciones.","No brinda información.",1,"-Página web Redes Sociales",-Diario,40
41,1,"Gratis (en caso de ser préstamo) o bien alquilado por cuota voluntaria.","Permitir mejorar la calidad de vida de la persona con discapacidad.","Ayudar a la persona en situación de riesgo social, vecina de Palmares.","Serv. Alquiler de Muletas",Individuales,{},"Ocupación: Comerciante Formación académica: Fiscal de la junta directiva de la ONG. Experiencia: Más de 7 años con la asoc. Otras destrezas:","Palmares, Alajuela.","Valoración Social: de familias y personas con discapacidad que requieren apoyo.","Si posee las condiciones.","No brinda información.",1,"-Página web Redes Sociales",-Diario,41
42,0,"aportan cuota voluntaria, 5000 colones","Brindar terapia ocupacional a personas con discapacidad del Cantón de Palmares.","Brindar terapia ocupacional a personas con discapacidad del Cantón de Palmares.","Terapia Ocupacional, autonomía personal, higiene personal y del hogar, manejo del dinero.",Grupales,{},"Ocupación: Terapia Ocupacional Formación académica: Lic. Terapia Ocupacional Experiencia: 3 años de experiencia. Otras destrezas:","No brinda información.","Ser vecino del cantón, presentar epicrisis y carta de solicitud de ingreso.","Si cumple con las condiciones.","Actualmente hay 40 personas beneficiarias en los talleres autonomía (terapia ocupacional).",0,-,-Diario,42
43,0,"No tiene","Brindar terapia ocupacional a personas con discapacidad del Cantón de Palmares.","Brindar terapia ocupacional a personas con discapacidad del Cantón de Palmares.","Terapia Ocupacional, autonomía personal, higiene personal y del hogar, manejo del dinero.",Grupales,{},"Ocupación: Administradora Formación académica: No Experiencia: 11 años Otras destrezas:",Nacional,"Ser vecino del cantón, presentar epicrisis y carta de solicitud de ingreso. Declarado en completo abandono.","Si cumple con las condiciones.","Actualmente hay 9 personas beneficiarias.",0,-,-Diario,43
44,1,"Gratis para la persona que lo necesita, se aceptan donación voluntarias.","Atención integral de las personas con discapacidad de San Carlos.","Atención integral de las personas con discapacidad de San Carlos.","Psicología y trabajo social.",Individuales,{},"Ocupación: Psicopedagoga. Formación académica: Lic. Psicología Experiencia: Más de 9 años. Otras destrezas:","San Carlos","Ser vecino de la zona de San Carlos, presentar epicrisis y carta dirigida a la junta para solicitar la ayuda necesaria.","Si posee las condiciones.","Tienen apoyo estatal de la Junta de Protección Social, IMAS y del Ministerio de Educación Pública. Además aceptan donaciones voluntarias de empresa privada de la zona.",0,-,-Diario,44
45,1,"Gratis para la persona que lo necesita, se aceptan donación voluntarias.","Atención integral de las personas con discapacidad de San Carlos.","Atención integral de las personas con discapacidad de San Carlos.","Psicología, terapia física y ocupacional.",Individuales,{},"Ocupación: Fisicoterapeuta Formación académica: Lic. Terapía Fisica Experiencia: Más de 5 años. Otras destrezas:","San Carlos","Ser vecino de la zona de San Carlos, presentar epicrisis y carta dirigida a la junta para solicitar la ayuda necesaria.","Si posee las condiciones.","Tienen apoyo estatal de la Junta de Protección Social, IMAS y del Ministerio de Educación Pública. Además aceptan donaciones voluntarias de empresa privada de la zona.",0,-,"- Semanal",45
46,0,"No brinda información.","Mejorar la calidad de vida de nuestros asociados a través de la educación y empoderamiento personal.","Mejorar la calidad de vida de nuestros asociados a través de la educación y empoderamiento personal.","Artes plásticas, artes industriales (manualidades), lecto-escritura y matemáticas básicas.","Individuales y grupales",{},"Hay 2 profesionales de enseñanza especial y 1 profesional de artes industriales, estos los paga el MEP. Ocupación: Todos Educadores Formación académica: Todos Lic. Educación especial con sus diferentes énfasis Experiencia: Más de 15 años. combinados Otras destrezas:",Zarcero,"Epicrisis médica y ser vecino de la zona.","Si cumple con las condiciones.","No brinda información.",0,-,-Diario,46
47,1,"¢25.000 Evaluación, Historial clínico, Diagnóstico e Informe ¢17.000 Intervención Terapéutica","Ofrecer servicio de talleres para niños o padres de familia, con el fin de que se estimulen todas las áreas previas a la comunicación.","Ofrecer servicio de talleres para niños o padres de familia, con el fin de que se estimulen todas las áreas previas a la comunicación.","Terapia del lenguaje, habla y voz","Individuales y grupales",{},"Profesional: Dra Meribeth Pérez Gamboa Experiencia Laboral: 2017 (Licencia de maternidad) Ministerio de Educación Pública, Escuela Viento Fresco, Aguas Zarcas, San Carlos. 2015- actualidad. Centro Especializado en Terapia del Lenguaje, habla y voz. Servicios profesionales, Terapeuta del Lenguaje, habla y voz. 2014-2017 (consecutivo) Universidad Internacional San Isidro Labrador, Sede Ciudad Quesada, San Carlos. Profesor Universitario en Terapia del Lenguaje, habla y voz. 2016-2017 Servicios Profesionales en Instituciones privadas: Carmen Lyra School, Ciudad Quesada, San Carlos. Centro Educativo Cooperativo San Carlos Borromeo, Ciudad Quesada, San Carlos. Centro Educativo San Francisco de Asis, Ciudad Quesada, San Carlos. Instituto Educativo de Formación Integral Montecarlo, Aguas Zarcas, San Carlos. 2017-actual Servicios Profesionales en Centro Médico Florencia, San Carlos Formación académica: Universitarios: Bachillerato en Terapia del Lenguaje, Universidad Internacional San Isidro Labrador, año 2014. Licenciatura en Terapia del Lenguaje, habla y voz. Universidad Internacional San Isidro Labrador, año 2015. Enseñanza General Básica I y II ciclo, categoría PT4 Educación Especial, en el servicio de Problemas de Aprendizaje EAU 2 Educación Especial, en el servicio de Problemas Emocionales y de Conducta EAU 2 Educación Especial, en el servicio de Retardo Mental EAU 2 Otros cursos: *Curso de actualización: “Logrando que mi paciente hable correctamente” *Curso de actualización: “Herramientas Terapéuticas de Intervención en los Trastornos de Lecto-Escritura” Ocupación actual: Terapeuta del Lenguaje, habla y voz Profesional: Dr. Elvis Gdo. González Madrigal Experiencia laboral: 2013-2015. Escuela San Rafael de Guatuso, Ministerio de Educación Pública, Terapeuta del Lenguaje. 2015- actualidad. Centro Especializado en Terapia del Lenguaje, habla y voz. Servicios profesionales, Terapeuta del Lenguaje, habla y voz. 2014-2016 (consecutivo) Universidad Internacional San Isidro Labrador, Sede Ciudad Quesada, San Carlos. Profesor Universitario en Terapia del Lenguaje, habla y voz. 2016-2017 Servicios Profesionales en Instituciones privadas: Carmen Lyra School, Ciudad Quesada, San Carlos. Centro Educativo Cooperativo San Carlos Borromeo, Ciudad Quesada, San Carlos. Centro Educativo San Francisco de Asis, Ciudad Quesada, San Carlos. Instituto Educativo de Formación Integral Montecarlo, Aguas Zarcas, San Carlos. 2017-actual Servicios Profesionales en Centro Médico Florencia, San Carlos Formación académica: Licenciatura en Terapia del Lenguaje, habla y voz. Universidad Internacional San Isidro Labrador, año 2015. Bachillerato en Terapia del Lenguaje, Universidad Internacional San Isidro Labrador, año 2013. Enseñanza General Básica I y II ciclo, categoría PT4 Educación Especial, en el servicio de Problemas de Aprendizaje EAU 2 Educación Especial, en el servicio de Problemas Emocionales y de Conducta EAU 2 Educación Especial, en el servicio de Retardo Mental EAU 2 Otros cursos: *Curso de actualización: “Logrando que mi paciente hable correctamente” *Curso de actualización: “Herramientas Terapéuticas de Intervención en los Trastornos de Lecto-Escritura” Ocupación actual: Terapeuta del Lenguaje, habla y voz","San Carlos","Solicitar una cita vía telefónica, mensaje de texto o mensaje en página de Facebook. La persona que requiere el servicio debe presentarse con madre, padre de familia o encargado con una autorización firmada.","El servicio que brinda el Centro Especializado en Terapia del Lenguaje, habla y voz cuenta con todas las condiciones que exige el Ministerio de Hacienda y el Colegio de Terapeutas de Costa Rica, asimismo con los accesos que se exige según la Ley 7600 y el Ministerio de Salud","No hay.",1,"- Redes Sociales Correo Electronico Servicio 24/7","- Semanal Quincenal",47
48,1,"Gratis (se aceptan cuotas voluntarias).","Mejorar la calidad de vida de las PcD en el país.","Dar capacitación sobre la discapacidad en Costa Rica.","Capacitación sobre la discapacidad en sus diferentes enfermedades, experiencias vivenciales.",Grupales,{},"Ocupación: Miembro de la junta directiva de la asoc. Formación académica: Bachiller Educación Media. Experiencia: Más de 3 años Otras destrezas:","San Ramón.","Ser un grupo de padres o personas interesadas en el tema de discapacidad.","Si posee.","No brinda información.",1,"- Servicio 24/7",-,48
49,0,"No brinda información.","Mejorar la calidad de vida de nuestros asociados a través de la educación para que aSi generar independencia y autoempleo.","Mejorar la calidad de vida de nuestros asociados a través de la educación para que aSi generar independencia y autoempleo.","Manualidades, artes plásticas, artes hidroponía, cultivos orgánicos.","Individuales y grupales",{},"Ocupación: Master en Terapia Ocupacional. Formación académica: Master en Terapia Ocupacional. Experiencia: 11 años de experiencia. Otras destrezas:",Atenas,"De los 21 a los 66 años máximo, con todo tipo de discapacidad: múltiple, retardo mental, sordera y otras discapacidades.","Si poseen las condiciones.","Actualmente hay 40 usuarios,",0,-,-,49
50,1,Gratis,"Canalizar y ejecutar fondos asignados para proyectos de bien social, asegurando transparencia.","Canalizar y ejecutar fondos asignados para proyectos de bien social, asegurando transparencia.","Facilitar acceso a sistemas de salud, educación, cultura, el medio ambiente, el uso responsable de las nuevas tecnologías y mejoras de infraestructura escolar, sanitaria y albergues de adultos mayores",Grupales,{},"Ocupación: Directora de asoc. Formación académica: Lic. Adm. Empresas Experiencia: Más de 9 años Otras destrezas:",Nacional,"Ser costarricense, mayor de edad, presentar epicrisis y cert. ingresos, se analiza el caso por separado en junta directiva.","Si posee.","Según la Directora la Asociación sirve de enlace entre beneficiarios y benefactor, para asegurar la sostenibilidad del proyecto y la rendición de cuentas.",1,-,"- Semanal",50
51,0,gratis,"Brindar capacitaciones a caipad, instituciones, escuelas, centros de cuido etc, para informar sobre el tema de discapacidad y sensibilizar a las personas e informarlas sobre temas de apoyo emocional y psicológicos.","Sensibilizar a entidades e instituciones sobre el tema de discapacidad y valorar la parte psicológica de las personas con discapacidad.","Capacitaciones sobre el tema de discapacidad.",Grupales,{},"Ocupación: psicólogos- dirección social Formación académica: Licenciados en psicología, Educadores. Experiencia: más de 5 años de experiencia Otras destrezas:","San Carlos y alrededores","No hay requisitos solo el deseo de llevarlos.","Si incluyen todas.","No brinda información.",0,-,"- Semanal",51
52,0,gratis,"Mejorar la calidad de vida de mujeres en necesidades emocionales que sufren de algún maltrato o discapacidad, a que puedan ejercer alguna actividad que les ayude a entretenerse, como elaboración de artesanías, escritura, actividades en cómputo, dibujo, etc.","ión Humana. Fines: Brindar apoyo a las mujeres con cualquier discapacidad a tener una actividad que puedan realizar para que puedan ejercer alguna destreza.","Formación Humana.","Individuales y grupales",{},"Ocupación: psicólogos- dirección social Formación académica: Licenciados, educadora especial Experiencia: Más de 5 años de experiencia Otras destrezas:","San Carlos.","No hay requisitos solo el deseo de llevarlos.","Si reúne todas.","No brinda información.",0,-,"- Semanal",52
53,1,"4 mil colones","Brindar equipo medico en alquiler para beneficio de personas de escasos recursos económicos","Brindar equipo medico en alquiler para beneficio de personas de escasos recursos económicos","Servicio Sanitario Portatil",Individuales,{},"Ocupación: Empresario. Formación académica: Bachiller colegio. Experiencia: Más de 5 años en el sector. Otras destrezas:","Alajuela, San José, Heredia.","Cualquier persona mayor de edad que necesite del servicio.","Las oficinas se ubican en su casa de habitación.","No brinda información.",1,"- Servicio 24/7",-Diario,53
54,1,"4 mil colones","Brindar equipo medico en alquiler para beneficio de personas de escasos recursos económicos","Brindar equipo medico en alquiler para beneficio de personas de escasos recursos económicos","Silla Baño",Individuales,{},"Ocupación: Empresario. Formación académica: Bachiller colegio. Experiencia: Más de 5 años en el sector. Otras destrezas:","Alajuela, San José, Heredia.","Cualquier persona mayor de edad que necesite del servicio.","Las oficinas se ubican en su casa de habitación.","No brinda información.",1,"- Servicio 24/7",-Diario,54
55,1,"4 mil colones","Brindar equipo medico en alquiler para beneficio de personas de escasos recursos económicos","Brindar equipo medico en alquiler para beneficio de personas de escasos recursos económicos",Andaderas,Individuales,{},"Ocupación: Empresario. Formación académica: Bachiller colegio. Experiencia: Más de 5 años en el sector. Otras destrezas:","Alajuela, San José, Heredia.","Cualquier persona mayor de edad que necesite del servicio.","Las oficinas se ubican en su casa de habitación.","No brinda información.",1,"- Servicio 24/7",-Diario,55
56,1,"17 mil colones","Brindar equipo medico en alquiler para beneficio de personas de escasos recursos económicos","Brindar equipo medico en alquiler para beneficio de personas de escasos recursos económicos","Cama Hospitalaria",Individuales,{},"Ocupación: Empresario. Formación académica: Bachiller colegio. Experiencia: Más de 5 años en el sector. Otras destrezas:","Alajuela, San José, Heredia.","Cualquier persona mayor de edad que necesite del servicio.","Las oficinas se ubican en su casa de habitación.","No brinda información.",1,"- Servicio 24/7",-Diario,56
57,1,"4 mil colones","Brindar equipo medico en alquiler para beneficio de personas de escasos recursos económicos","Brindar equipo medico en alquiler para beneficio de personas de escasos recursos económicos",Andaderas,Individuales,{},"Ocupación: Empresario. Formación académica: Bachiller colegio. Experiencia: Más de 5 años en el sector. Otras destrezas:","Alajuela, San José, Heredia.","Cualquier persona mayor de edad que necesite del servicio.","Las oficinas se ubican en su casa de habitación.","No brinda información.",1,"- Servicio 24/7",-Diario,57
58,1,"3 mil colones","Brindar equipo medico en alquiler para beneficio de personas de escasos recursos económicos","Brindar equipo medico en alquiler para beneficio de personas de escasos recursos económicos",Muletas,Individuales,{},"Ocupación: Empresario. Formación académica: Bachiller colegio. Experiencia: Más de 5 años en el sector. Otras destrezas:","Alajuela, San José, Heredia.","Cualquier persona mayor de edad que necesite del servicio.","Las oficinas se ubican en su casa de habitación.","No brinda información.",1,"- Servicio 24/7",-Diario,58
59,1,"Varia de acuerdo a la valoración y tiempo de trabajo que el paciente lo requiera.","Mejorar la capacidad de movilización en las personas no videntes a la hora de trabajar con perros guías, y en cuanto personas con discapacidad cognitiva, poder brindarles un mejor desarrollo social y personal a través de la terapia de contacto con el animal.","Mejorar la calidad de vida de PcD a través de la terapia y el contacto con los animales.","Terapia asistida con animales como: perros, caballos y asnos.","Individuales y grupales",{},"Ocupación: Terapuetas Ocupacionales y Físicos Formación académica: Licenciados Experiencia: Más de 10 años. Otras destrezas:",Alajuela,"PcD Visual, cognitiva.","Si poseen las condiciones.","No brinda información.",0,-,"- Semanal",59
60,1,"Gratis a las personas, se aceptan ayudas voluntarias.","Ayudar al paciente a mejorar su calidad de vida.","Brindar asistencia médica gratuita a la persona de escasos recursos.","Consulta médica especializada de un neurólogo, se da en su consultorio privado, en caso de necesitar más atención, se da una valoración de 24 horas en el hospital San Juan de Dios.",Individuales,{},"Ocupación: Médico Neurologo. Formación académica: Lic. en Medicina Humana con énfasis en Neurología. Experiencia: Más de 25 años. Otras destrezas: No hay.","uela, no hay sucursales, se atiende generalmente por teléfono. Provincias (si no es cobertura nacional), describir las provincias:","Ser persona con epilepsia, de escasos recursos económicos, puede ser niño, joven o adulto mayor.","Las oficinas están en la casa de la presidente de la asoc. Es una casa de habitación, no posee condiciones.","No brinda información.",0,-,"- Semanal",60
61,1,"Gratis para el usuario que pertenece al hogar.","Acoger con prioridad a las personas con discapacidad más abandonadas y necesitadas. Brindar un hogar permanente a la población recibida en nuestros hogares","Atención a personas en condición de discapacidad, parálisis cerebral infantil, retraso mental y que además cuentan con enfermedades crónicas y terminales.","Terapia Física, electroterapia, ejercicio físico.",Individuales,{},"Ocupación: Terapeuta. Formación académica: Lic. Terapia Física. Experiencia: 5 años. Otras destrezas:",Nacional,"1. Ser personas miembros del hogar Manos Abiertas 2. Que estén en condición de abandono, riesgo social , condición de calle, o extrema pobreza. 3. Condición nacional o migrante (documentado o indocumentado). 4. Personas que presenten algún tipo de discapacidad, (PCI, RM) enfermedad crónica o terminal que requieran apoyos generalizados 5. Si es menor de edad que cuente con declaratoria de abandono, medida de protección si es adulto declaratoria de abandono o RESOLUCIÓN JUDICIAL (en donde describe su condición apoyo generalizado) o en riesgo social., emitida por el ente rector CONAPDIS.","Si posee.","La Fundación Hogar Manos Abiertas implementa tres programas de atención, para un total de 140 personas atendidas en forma permanente: En condición de abandono con discapacidad y enfermedades crónicas y terminales. Personas adultas con discapacidad en estado de abandono y retardo mental. Personas adultas con discapacidad en estado de abandono, condición de calle que requieren apoyo generalizado, muchos en etapa terminal.",0,-,-Diario,61
62,0,"Gratis para el usuario que pertenece al hogar.","Acoger con prioridad a las personas con discapacidad más abandonadas y necesitadas. Brindar un hogar permanente a la población recibida en nuestros hogares","Atención a personas en condición de discapacidad, parálisis cerebral infantil, retraso mental y que además cuentan con enfermedades crónicas y terminales.","Educación especial, de acuerdo objetivos del MEP.",Individuales,{},"Ocupación: Educadora. Formación académica: Lic. Educación Especial. Experiencia: 5 años. Otras destrezas:",Nacional,"1. Ser personas miembros del hogar Manos Abiertas 2. Que estén en condición de abandono, riesgo social , condición de calle, o extrema pobreza. 3. Condición nacional o migrante (documentado o indocumentado). 4. Personas que presenten algún tipo de discapacidad, (PCI, RM) enfermedad crónica o terminal que requieran apoyos generalizados 5. Si es menor de edad que cuente con declaratoria de abandono, medida de protección si es adulto declaratoria de abandono o RESOLUCIÓN JUDICIAL (en donde describe su condición apoyo generalizado) o en riesgo social., emitida por el ente rector CONAPDIS.","Si posee.","Este servicio lo provee directamente el MEP.",0,-,-Diario,62
63,1,"Gratis para el usuario, se aceptan donaciones privadas.","Acoger con prioridad a las personas con discapacidad más abandonadas y necesitadas . Brindar un hogar permanente a la población recibida en nuestros hogares","Atención a personas en condición de discapacidad, parálisis cerebral infantil, retraso mental y que además cuentan con enfermedades crónicas y terminales.","Asistencia médica, asistencia espiritual, apoyo psicológico.",Individuales,{},"Ocupación: Representante Legal. Formación académica: Administradora Empresas. Experiencia: 5 años. Otras destrezas:",Nacional,"1. Personas mayores de 0 a 65 años. 2. Que estén en condición de abandono, riesgo social , condición de calle, o extrema pobreza. 3. Condición nacional o migrante (documentado o indocumentado). 4. Personas que presenten algún tipo de discapacidad, (PCI, RM) enfermedad crónica o terminal que requieran apoyos generalizados 5. Si es menor de edad que cuente con declaratoria de abandono, medida de protección si es adulto declaratoria de abandono o RESOLUCIÓN JUDICIAL (en donde describe su condición apoyo generalizado) o en riesgo social., emitida por el ente rector CONAPDIS.","Si posee.","La Fundación Hogar Manos Abiertas implementa tres programas de atención, para un total de 140 personas atendidas en forma permanente: En condición de abandono con discapacidad y enfermedades crónicas y terminales. Personas adultas con discapacidad en estado de abandono y retardo mental. Personas adultas con discapacidad en estado de abandono, condición de calle que requieren apoyo generalizado, muchos en etapa terminal.",0,-,-Diario,63
64,0,"No brinda información.","apoyar a nuestros estudiantes con necesidades especiales, brindándoles servicios de apoyo adecuados a su estado de salud y condición especial.","Brindar servicios de apoyo a las personas con discapacidad que estudian en este centro educativo, para que puedan mejorar su calidad de vida, por medio de la mejora de su aprendizaje, destrezas y ejercitación de su cuerpo.","Educación para el hogar",Grupales,{},"Ocupación: profesores de educación especial Formación académica: licenciados Experiencia: más de 5 años Otras destrezas:","Provincias: Alajuela Cantones: Grecia y alrededores","Matricularse en el centro educativo y presentar un dictamen médico donde informe sobre su condición.","si es accesible.","No brinda información.",0,-,-Diario,64
65,0,"No brinda información.","apoyar a nuestros estudiantes con necesidades especiales, brindándoles servicios de apoyo adecuados a su estado de salud y condición especial.","Brindar servicios de apoyo a las personas con discapacidad que estudian en este centro educativo, para que puedan mejorar su calidad de vida, por medio de la mejora de su aprendizaje, destrezas y ejercitación de su cuerpo.","Artes industriales",Grupales,{},"Ocupación: profesores de educación especial Formación académica: licenciados Experiencia: más de 5 años Otras destrezas:","Provincias: Alajuela Cantones: Grecia y alrededores","Matricularse en el centro educativo y presentar un dictamen médico donde informe sobre su condición.","si es accesible.","No brinda información.",0,-,-Diario,65
66,0,"No brinda información.","apoyar a nuestros estudiantes con necesidades especiales, brindándoles servicios de apoyo adecuados a su estado de salud y condición especial.","Brindar servicios de apoyo a las personas con discapacidad que estudian en este centro educativo, para que puedan mejorar su calidad de vida, por medio de la mejora de su aprendizaje, destrezas y ejercitación de su cuerpo.","Educación musical",Grupales,{},"Ocupación: profesores de educación especial Formación académica: licenciados Experiencia: más de 5 años Otras destrezas:","Provincias: Alajuela Cantones: Grecia y alrededores","Matricularse en el centro educativo y presentar un dictamen médico donde informe sobre su condición.","si es accesible.","No brinda información.",0,-,-Diario,66
67,0,"No brinda información.","apoyar a nuestros estudiantes con necesidades especiales, brindándoles servicios de apoyo adecuados a su estado de salud y condición especial.","Brindar servicios de apoyo a las personas con discapacidad que estudian en este centro educativo, para que puedan mejorar su calidad de vida, por medio de la mejora de su aprendizaje, destrezas y ejercitación de su cuerpo.","Educación física",Grupales,{},"Ocupación: profesores de educación especial Formación académica: licenciados Experiencia: más de 5 años Otras destrezas:","Provincias: Alajuela Cantones: Grecia y alrededores","Matricularse en el centro educativo y presentar un dictamen médico donde informe sobre su condición.","si es accesible.","No brinda información.",0,-,-Diario,67
68,0,"No brinda información.","apoyar a nuestros estudiantes con necesidades especiales, brindándoles servicios de apoyo adecuados a su estado de salud y condición especial.","Brindar servicios de apoyo a las personas con discapacidad que estudian en este centro educativo, para que puedan mejorar su calidad de vida, por medio de la mejora de su aprendizaje, destrezas y ejercitación de su cuerpo.","Artes plásticas",Grupales,{},"Ocupación: profesores de educación especial Formación académica: licenciados Experiencia: más de 5 años Otras destrezas:","Provincias: Alajuela Cantones: Grecia y alrededores","Matricularse en el centro educativo y presentar un dictamen médico donde informe sobre su condición.","si es accesible.","No brinda información.",0,-,-Diario,68
69,0,"No brinda información.","apoyar a nuestros estudiantes con necesidades especiales, brindándoles servicios de apoyo adecuados a su estado de salud y condición especial.","Brindar servicios de apoyo a las personas con discapacidad que estudian en este centro educativo, para que puedan mejorar su calidad de vida, por medio de la mejora de su aprendizaje, destrezas y ejercitación de su cuerpo.","terapia física",Grupales,{},"Ocupación: Fisioterapeutas Formación académica: licenciados Experiencia: más de 5 años Otras destrezas:","Provincias: Alajuela Cantones: Grecia y alrededores","Matricularse en el centro educativo y presentar un dictamen médico donde informe sobre su condición.","si es accesible.","No brinda información.",0,-,-Diario,69
70,0,"No brinda información.","apoyar a nuestros estudiantes con necesidades especiales, brindándoles servicios de apoyo adecuados a su estado de salud y condición especial.","Brindar servicios de apoyo a las personas con discapacidad que estudian en este centro educativo, para que puedan mejorar su calidad de vida, por medio de la mejora de su aprendizaje, destrezas y ejercitación de su cuerpo.","terapia de lenguaje",Grupales,{},"Ocupación: profesores de educación especial Formación académica: licenciados Experiencia: más de 5 años Otras destrezas:","Provincias: Alajuela Cantones: Grecia y alrededores","Matricularse en el centro educativo y presentar un dictamen médico donde informe sobre su condición.","si es accesible.","No brinda información.",0,-,-Diario,70
71,0,"No brinda información.","Facilitar a la población estudiantil servicios educativos de calidad que potencialicen sus capacidades individuales y estilos de aprendizaje; enfocados a este proceso, donde se implemente una organización eficiente que garantice el funcionamiento óptimo de los servicios y las acciones relacionadas con la gestión administrativa. Ofrecer orientación y apoyo a las familias de la comunidad educativa, para promover el desempeño del estudiante en los contextos en los que se desenvuelve.","No hay.","Servicios de atención directa a estudiantes en Discapacidad Cognitiva, Discapacidad Múltiple, Problemas Emocionales y de Conducta en los diferentes niveles de atención según lo establece el Plan de Estudios de Centros de Enseñanza Especial del MEP. Especialidad Nivel Edad Retraso Mental Estimulación Temprana 0 a 3 años Maternal 3 – 4 ½ años Kinder 4 ½ - 5 ½ años Preparatoria 5 ½ - 7 años I Ciclo 7 – 10 años II Ciclo 10 – 14 años III Ciclo 14 – 17 años IV Ciclo 17 – 21 años Discapacidad Múltiple Y Problemas Emocionales y de Conducta Estimulación Temprana 0 a 3 años Maternal 3 – 5 años Kinder 5 - 7 años I Ciclo 7 – 10 años II Ciclo 10 – 14 años III Ciclo 14 – 17 años IV Ciclo 17 – 21 años Servicios de apoyo fijo en Problemas Emocionales y de Conducta y Deficiencia Visual para los estudiantes de atención directa que lo requieren. Asignaturas complementarias en los diferentes niveles y especialidades según lo indica el Plan de Estudios para Centros de Educación Especial del MEP (Educación Musical, Educación Física, Educación para el Hogar, Artes Industriales, Artes Plásticas) Servicios complementarios para los estudiantes de atención directa que lo requieran y según los cupos disponibles: Terapia de Lenguaje, Terapia Física, Psicología, Área Social.","Individuales y grupales",{},"95 personas en total laboran en el centro, de los cuales 11 son docentes todas calificadas en tema de educación curricular y 56 educadores especiales, además 2 terapeutas físicas, 1 psicólogo.","Provincias: Alajuela, Heredia. Cantones: Alajuela: Alajuela, Atenas, Poás Heredia: Santa Bárbara.","Ingresan niños o jóvenes con discapacidad, en edades que oscilan entre 0 meses y 21 años que ingresan ya sea por traslado o por referencia del MEP. Los documentos solicitados son los siguientes: Diagnóstico médico Fotocopia de cédulas de padres o encargados Referencia de Asesoría Regional de Educación Especial Constancia de nacimiento Copia del carné de vacunas Copia del carné de salud: páginas con datos de nacimiento Fotografía tamaño pasaporte del estudiante","El edificio cuenta con rampas de acceso y señalización.","No hay.",0,-,-Diario,71
72,0,"No brinda información.","Facilitar a la población estudiantil servicios educativos de calidad que potencialicen sus capacidades individuales y estilos de aprendizaje; enfocados a este proceso, donde se implemente una organización eficiente que garantice el funcionamiento óptimo de los servicios y las acciones relacionadas con la gestión administrativa. Ofrecer orientación y apoyo a las familias de la comunidad educativa, para promover el desempeño del estudiante en los contextos en los que se desenvuelve.","No hay.","Servicios de atención directa a estudiantes en Discapacidad Cognitiva, Discapacidad Múltiple, Problemas Emocionales y de Conducta en los diferentes niveles de atención según lo establece el Plan de Estudios de Centros de Enseñanza Especial del MEP. Especialidad Nivel Edad Retraso Mental Estimulación Temprana 0 a 3 años Maternal 3 – 4 ½ años Kinder 4 ½ - 5 ½ años Preparatoria 5 ½ - 7 años I Ciclo 7 – 10 años II Ciclo 10 – 14 años III Ciclo 14 – 17 años IV Ciclo 17 – 21 años Discapacidad Múltiple Y Problemas Emocionales y de Conducta Estimulación Temprana 0 a 3 años Maternal 3 – 5 años Kinder 5 - 7 años I Ciclo 7 – 10 años II Ciclo 10 – 14 años III Ciclo 14 – 17 años IV Ciclo 17 – 21 años Servicios de apoyo fijo en Problemas Emocionales y de Conducta y Deficiencia Visual para los estudiantes de atención directa que lo requieren. Asignaturas complementarias en los diferentes niveles y especialidades según lo indica el Plan de Estudios para Centros de Educación Especial del MEP (Educación Musical, Educación Física, Educación para el Hogar, Artes Industriales, Artes Plásticas) Servicios complementarios para los estudiantes de atención directa que lo requieran y según los cupos disponibles: Terapia de Lenguaje, Terapia Física, Psicología, Área Social.","Individuales y grupales",{},"95 personas en total laboran en el centro, de los cuales 11 son docentes todas calificadas en tema de educación curricular y 56 educadores especiales, además 2 terapeutas físicas, 1 psicólogo.","Provincias: Alajuela, Heredia. Cantones: Alajuela: Alajuela, Atenas, Poás Heredia: Santa Bárbara.","Ingresan niños o jóvenes con discapacidad, en edades que oscilan entre 0 meses y 21 años que ingresan ya sea por traslado o por referencia del MEP. Los documentos solicitados son los siguientes: Diagnóstico médico Fotocopia de cédulas de padres o encargados Referencia de Asesoría Regional de Educación Especial Constancia de nacimiento Copia del carné de vacunas Copia del carné de salud: páginas con datos de nacimiento Fotografía tamaño pasaporte del estudiante","El edificio cuenta con rampas de acceso y señalización.","No hay.",0,-,-Diario,72
73,0,"No brinda información.","Facilitar a la población estudiantil servicios educativos de calidad que potencialicen sus capacidades individuales y estilos de aprendizaje; enfocados a este proceso, donde se implemente una organización eficiente que garantice el funcionamiento óptimo de los servicios y las acciones relacionadas con la gestión administrativa. Ofrecer orientación y apoyo a las familias de la comunidad educativa, para promover el desempeño del estudiante en los contextos en los que se desenvuelve.","No hay.","Servicios de atención directa a estudiantes en Discapacidad Cognitiva, Discapacidad Múltiple, Problemas Emocionales y de Conducta en los diferentes niveles de atención según lo establece el Plan de Estudios de Centros de Enseñanza Especial del MEP. Especialidad Nivel Edad Retraso Mental Estimulación Temprana 0 a 3 años Maternal 3 – 4 ½ años Kinder 4 ½ - 5 ½ años Preparatoria 5 ½ - 7 años I Ciclo 7 – 10 años II Ciclo 10 – 14 años III Ciclo 14 – 17 años IV Ciclo 17 – 21 años Discapacidad Múltiple Y Problemas Emocionales y de Conducta Estimulación Temprana 0 a 3 años Maternal 3 – 5 años Kinder 5 - 7 años I Ciclo 7 – 10 años II Ciclo 10 – 14 años III Ciclo 14 – 17 años IV Ciclo 17 – 21 años Servicios de apoyo fijo en Problemas Emocionales y de Conducta y Deficiencia Visual para los estudiantes de atención directa que lo requieren. Asignaturas complementarias en los diferentes niveles y especialidades según lo indica el Plan de Estudios para Centros de Educación Especial del MEP (Educación Musical, Educación Física, Educación para el Hogar, Artes Industriales, Artes Plásticas) Servicios complementarios para los estudiantes de atención directa que lo requieran y según los cupos disponibles: Terapia de Lenguaje, Terapia Física, Psicología, Área Social.","Individuales y grupales",{},"95 personas en total laboran en el centro, de los cuales 11 son docentes todas calificadas en tema de educación curricular y 56 educadores especiales, además 2 terapeutas físicas, 1 psicólogo.","Provincias: Alajuela, Heredia. Cantones: Alajuela: Alajuela, Atenas, Poás Heredia: Santa Bárbara.","Ingresan niños o jóvenes con discapacidad, en edades que oscilan entre 0 meses y 21 años que ingresan ya sea por traslado o por referencia del MEP. Los documentos solicitados son los siguientes: Diagnóstico médico Fotocopia de cédulas de padres o encargados Referencia de Asesoría Regional de Educación Especial Constancia de nacimiento Copia del carné de vacunas Copia del carné de salud: páginas con datos de nacimiento Fotografía tamaño pasaporte del estudiante","El edificio cuenta con rampas de acceso y señalización.","No hay.",0,-,-Diario,73
74,0,"No brinda información.","Facilitar a la población estudiantil servicios educativos de calidad que potencialicen sus capacidades individuales y estilos de aprendizaje; enfocados a este proceso, donde se implemente una organización eficiente que garantice el funcionamiento óptimo de los servicios y las acciones relacionadas con la gestión administrativa. Ofrecer orientación y apoyo a las familias de la comunidad educativa, para promover el desempeño del estudiante en los contextos en los que se desenvuelve.","No hay.","Servicios de atención directa a estudiantes en Discapacidad Cognitiva, Discapacidad Múltiple, Problemas Emocionales y de Conducta en los diferentes niveles de atención según lo establece el Plan de Estudios de Centros de Enseñanza Especial del MEP. Especialidad Nivel Edad Retraso Mental Estimulación Temprana 0 a 3 años Maternal 3 – 4 ½ años Kinder 4 ½ - 5 ½ años Preparatoria 5 ½ - 7 años I Ciclo 7 – 10 años II Ciclo 10 – 14 años III Ciclo 14 – 17 años IV Ciclo 17 – 21 años Discapacidad Múltiple Y Problemas Emocionales y de Conducta Estimulación Temprana 0 a 3 años Maternal 3 – 5 años Kinder 5 - 7 años I Ciclo 7 – 10 años II Ciclo 10 – 14 años III Ciclo 14 – 17 años IV Ciclo 17 – 21 años Servicios de apoyo fijo en Problemas Emocionales y de Conducta y Deficiencia Visual para los estudiantes de atención directa que lo requieren. Asignaturas complementarias en los diferentes niveles y especialidades según lo indica el Plan de Estudios para Centros de Educación Especial del MEP (Educación Musical, Educación Física, Educación para el Hogar, Artes Industriales, Artes Plásticas) Servicios complementarios para los estudiantes de atención directa que lo requieran y según los cupos disponibles: Terapia de Lenguaje, Terapia Física, Psicología, Área Social.","Individuales y grupales",{},"95 personas en total laboran en el centro, de los cuales 11 son docentes todas calificadas en tema de educación curricular y 56 educadores especiales, además 2 terapeutas físicas, 1 psicólogo.","Provincias: Alajuela, Heredia. Cantones: Alajuela: Alajuela, Atenas, Poás Heredia: Santa Bárbara.","Ingresan niños o jóvenes con discapacidad, en edades que oscilan entre 0 meses y 21 años que ingresan ya sea por traslado o por referencia del MEP. Los documentos solicitados son los siguientes: Diagnóstico médico Fotocopia de cédulas de padres o encargados Referencia de Asesoría Regional de Educación Especial Constancia de nacimiento Copia del carné de vacunas Copia del carné de salud: páginas con datos de nacimiento Fotografía tamaño pasaporte del estudiante","El edificio cuenta con rampas de acceso y señalización.","No hay.",0,-,-Diario,74
75,0,"No brinda información.","Facilitar a la población estudiantil servicios educativos de calidad que potencialicen sus capacidades individuales y estilos de aprendizaje; enfocados a este proceso, donde se implemente una organización eficiente que garantice el funcionamiento óptimo de los servicios y las acciones relacionadas con la gestión administrativa. Ofrecer orientación y apoyo a las familias de la comunidad educativa, para promover el desempeño del estudiante en los contextos en los que se desenvuelve.","No hay.","Servicios de atención directa a estudiantes en Discapacidad Cognitiva, Discapacidad Múltiple, Problemas Emocionales y de Conducta en los diferentes niveles de atención según lo establece el Plan de Estudios de Centros de Enseñanza Especial del MEP. Especialidad Nivel Edad Retraso Mental Estimulación Temprana 0 a 3 años Maternal 3 – 4 ½ años Kinder 4 ½ - 5 ½ años Preparatoria 5 ½ - 7 años I Ciclo 7 – 10 años II Ciclo 10 – 14 años III Ciclo 14 – 17 años IV Ciclo 17 – 21 años Discapacidad Múltiple Y Problemas Emocionales y de Conducta Estimulación Temprana 0 a 3 años Maternal 3 – 5 años Kinder 5 - 7 años I Ciclo 7 – 10 años II Ciclo 10 – 14 años III Ciclo 14 – 17 años IV Ciclo 17 – 21 años Servicios de apoyo fijo en Problemas Emocionales y de Conducta y Deficiencia Visual para los estudiantes de atención directa que lo requieren. Asignaturas complementarias en los diferentes niveles y especialidades según lo indica el Plan de Estudios para Centros de Educación Especial del MEP (Educación Musical, Educación Física, Educación para el Hogar, Artes Industriales, Artes Plásticas) Servicios complementarios para los estudiantes de atención directa que lo requieran y según los cupos disponibles: Terapia de Lenguaje, Terapia Física, Psicología, Área Social.","Individuales y grupales",{},"95 personas en total laboran en el centro, de los cuales 11 son docentes todas calificadas en tema de educación curricular y 56 educadores especiales, además 2 terapeutas físicas, 1 psicólogo.","Provincias: Alajuela, Heredia. Cantones: Alajuela: Alajuela, Atenas, Poás Heredia: Santa Bárbara.","Ingresan niños o jóvenes con discapacidad, en edades que oscilan entre 0 meses y 21 años que ingresan ya sea por traslado o por referencia del MEP. Los documentos solicitados son los siguientes: Diagnóstico médico Fotocopia de cédulas de padres o encargados Referencia de Asesoría Regional de Educación Especial Constancia de nacimiento Copia del carné de vacunas Copia del carné de salud: páginas con datos de nacimiento Fotografía tamaño pasaporte del estudiante","El edificio cuenta con rampas de acceso y señalización.","No hay.",0,-,-Diario,75
76,0,"No brinda información.","Facilitar a la población estudiantil servicios educativos de calidad que potencialicen sus capacidades individuales y estilos de aprendizaje; enfocados a este proceso, donde se implemente una organización eficiente que garantice el funcionamiento óptimo de los servicios y las acciones relacionadas con la gestión administrativa. Ofrecer orientación y apoyo a las familias de la comunidad educativa, para promover el desempeño del estudiante en los contextos en los que se desenvuelve.","No hay.","Servicios de atención directa a estudiantes en Discapacidad Cognitiva, Discapacidad Múltiple, Problemas Emocionales y de Conducta en los diferentes niveles de atención según lo establece el Plan de Estudios de Centros de Enseñanza Especial del MEP. Especialidad Nivel Edad Retraso Mental Estimulación Temprana 0 a 3 años Maternal 3 – 4 ½ años Kinder 4 ½ - 5 ½ años Preparatoria 5 ½ - 7 años I Ciclo 7 – 10 años II Ciclo 10 – 14 años III Ciclo 14 – 17 años IV Ciclo 17 – 21 años Discapacidad Múltiple Y Problemas Emocionales y de Conducta Estimulación Temprana 0 a 3 años Maternal 3 – 5 años Kinder 5 - 7 años I Ciclo 7 – 10 años II Ciclo 10 – 14 años III Ciclo 14 – 17 años IV Ciclo 17 – 21 años Servicios de apoyo fijo en Problemas Emocionales y de Conducta y Deficiencia Visual para los estudiantes de atención directa que lo requieren. Asignaturas complementarias en los diferentes niveles y especialidades según lo indica el Plan de Estudios para Centros de Educación Especial del MEP (Educación Musical, Educación Física, Educación para el Hogar, Artes Industriales, Artes Plásticas) Servicios complementarios para los estudiantes de atención directa que lo requieran y según los cupos disponibles: Terapia de Lenguaje, Terapia Física, Psicología, Área Social.","Individuales y grupales",{},"95 personas en total laboran en el centro, de los cuales 11 son docentes todas calificadas en tema de educación curricular y 56 educadores especiales, además 2 terapeutas físicas, 1 psicólogo.","Provincias: Alajuela, Heredia. Cantones: Alajuela: Alajuela, Atenas, Poás Heredia: Santa Bárbara.","Ingresan niños o jóvenes con discapacidad, en edades que oscilan entre 0 meses y 21 años que ingresan ya sea por traslado o por referencia del MEP. Los documentos solicitados son los siguientes: Diagnóstico médico Fotocopia de cédulas de padres o encargados Referencia de Asesoría Regional de Educación Especial Constancia de nacimiento Copia del carné de vacunas Copia del carné de salud: páginas con datos de nacimiento Fotografía tamaño pasaporte del estudiante","El edificio cuenta con rampas de acceso y señalización.","No hay.",0,-,-Diario,76
77,0,"No brinda información.","Facilitar a la población estudiantil servicios educativos de calidad que potencialicen sus capacidades individuales y estilos de aprendizaje; enfocados a este proceso, donde se implemente una organización eficiente que garantice el funcionamiento óptimo de los servicios y las acciones relacionadas con la gestión administrativa. Ofrecer orientación y apoyo a las familias de la comunidad educativa, para promover el desempeño del estudiante en los contextos en los que se desenvuelve.","No hay.","Servicios de atención directa a estudiantes en Discapacidad Cognitiva, Discapacidad Múltiple, Problemas Emocionales y de Conducta en los diferentes niveles de atención según lo establece el Plan de Estudios de Centros de Enseñanza Especial del MEP. Especialidad Nivel Edad Retraso Mental Estimulación Temprana 0 a 3 años Maternal 3 – 4 ½ años Kinder 4 ½ - 5 ½ años Preparatoria 5 ½ - 7 años I Ciclo 7 – 10 años II Ciclo 10 – 14 años III Ciclo 14 – 17 años IV Ciclo 17 – 21 años Discapacidad Múltiple Y Problemas Emocionales y de Conducta Estimulación Temprana 0 a 3 años Maternal 3 – 5 años Kinder 5 - 7 años I Ciclo 7 – 10 años II Ciclo 10 – 14 años III Ciclo 14 – 17 años IV Ciclo 17 – 21 años Servicios de apoyo fijo en Problemas Emocionales y de Conducta y Deficiencia Visual para los estudiantes de atención directa que lo requieren. Asignaturas complementarias en los diferentes niveles y especialidades según lo indica el Plan de Estudios para Centros de Educación Especial del MEP (Educación Musical, Educación Física, Educación para el Hogar, Artes Industriales, Artes Plásticas) Servicios complementarios para los estudiantes de atención directa que lo requieran y según los cupos disponibles: Terapia de Lenguaje, Terapia Física, Psicología, Área Social.","Individuales y grupales",{},"95 personas en total laboran en el centro, de los cuales 11 son docentes todas calificadas en tema de educación curricular y 56 educadores especiales, además 2 terapeutas físicas, 1 psicólogo.","Provincias: Alajuela, Heredia. Cantones: Alajuela: Alajuela, Atenas, Poás Heredia: Santa Bárbara.","Ingresan niños o jóvenes con discapacidad, en edades que oscilan entre 0 meses y 21 años que ingresan ya sea por traslado o por referencia del MEP. Los documentos solicitados son los siguientes: Diagnóstico médico Fotocopia de cédulas de padres o encargados Referencia de Asesoría Regional de Educación Especial Constancia de nacimiento Copia del carné de vacunas Copia del carné de salud: páginas con datos de nacimiento Fotografía tamaño pasaporte del estudiante","El edificio cuenta con rampas de acceso y señalización.","No hay.",0,-,-Diario,77
78,0,"No brinda información.","Facilitar a la población estudiantil servicios educativos de calidad que potencialicen sus capacidades individuales y estilos de aprendizaje; enfocados a este proceso, donde se implemente una organización eficiente que garantice el funcionamiento óptimo de los servicios y las acciones relacionadas con la gestión administrativa. Ofrecer orientación y apoyo a las familias de la comunidad educativa, para promover el desempeño del estudiante en los contextos en los que se desenvuelve.","No hay.","Servicios de atención directa a estudiantes en Discapacidad Cognitiva, Discapacidad Múltiple, Problemas Emocionales y de Conducta en los diferentes niveles de atención según lo establece el Plan de Estudios de Centros de Enseñanza Especial del MEP. Especialidad Nivel Edad Retraso Mental Estimulación Temprana 0 a 3 años Maternal 3 – 4 ½ años Kinder 4 ½ - 5 ½ años Preparatoria 5 ½ - 7 años I Ciclo 7 – 10 años II Ciclo 10 – 14 años III Ciclo 14 – 17 años IV Ciclo 17 – 21 años Discapacidad Múltiple Y Problemas Emocionales y de Conducta Estimulación Temprana 0 a 3 años Maternal 3 – 5 años Kinder 5 - 7 años I Ciclo 7 – 10 años II Ciclo 10 – 14 años III Ciclo 14 – 17 años IV Ciclo 17 – 21 años Servicios de apoyo fijo en Problemas Emocionales y de Conducta y Deficiencia Visual para los estudiantes de atención directa que lo requieren. Asignaturas complementarias en los diferentes niveles y especialidades según lo indica el Plan de Estudios para Centros de Educación Especial del MEP (Educación Musical, Educación Física, Educación para el Hogar, Artes Industriales, Artes Plásticas) Servicios complementarios para los estudiantes de atención directa que lo requieran y según los cupos disponibles: Terapia de Lenguaje, Terapia Física, Psicología, Área Social.","Individuales y grupales",{},"95 personas en total laboran en el centro, de los cuales 11 son docentes todas calificadas en tema de educación curricular y 56 educadores especiales, además 2 terapeutas físicas, 1 psicólogo.","Provincias: Alajuela, Heredia. Cantones: Alajuela: Alajuela, Atenas, Poás Heredia: Santa Bárbara.","Ingresan niños o jóvenes con discapacidad, en edades que oscilan entre 0 meses y 21 años que ingresan ya sea por traslado o por referencia del MEP. Los documentos solicitados son los siguientes: Diagnóstico médico Fotocopia de cédulas de padres o encargados Referencia de Asesoría Regional de Educación Especial Constancia de nacimiento Copia del carné de vacunas Copia del carné de salud: páginas con datos de nacimiento Fotografía tamaño pasaporte del estudiante","El edificio cuenta con rampas de acceso y señalización.","No hay.",0,-,-Diario,78
79,0,"No brinda información.","Facilitar a la población estudiantil servicios educativos de calidad que potencialicen sus capacidades individuales y estilos de aprendizaje; enfocados a este proceso, donde se implemente una organización eficiente que garantice el funcionamiento óptimo de los servicios y las acciones relacionadas con la gestión administrativa. Ofrecer orientación y apoyo a las familias de la comunidad educativa, para promover el desempeño del estudiante en los contextos en los que se desenvuelve.","No hay.","Servicios de atención directa a estudiantes en Discapacidad Cognitiva, Discapacidad Múltiple, Problemas Emocionales y de Conducta en los diferentes niveles de atención según lo establece el Plan de Estudios de Centros de Enseñanza Especial del MEP. Especialidad Nivel Edad Retraso Mental Estimulación Temprana 0 a 3 años Maternal 3 – 4 ½ años Kinder 4 ½ - 5 ½ años Preparatoria 5 ½ - 7 años I Ciclo 7 – 10 años II Ciclo 10 – 14 años III Ciclo 14 – 17 años IV Ciclo 17 – 21 años Discapacidad Múltiple Y Problemas Emocionales y de Conducta Estimulación Temprana 0 a 3 años Maternal 3 – 5 años Kinder 5 - 7 años I Ciclo 7 – 10 años II Ciclo 10 – 14 años III Ciclo 14 – 17 años IV Ciclo 17 – 21 años Servicios de apoyo fijo en Problemas Emocionales y de Conducta y Deficiencia Visual para los estudiantes de atención directa que lo requieren. Asignaturas complementarias en los diferentes niveles y especialidades según lo indica el Plan de Estudios para Centros de Educación Especial del MEP (Educación Musical, Educación Física, Educación para el Hogar, Artes Industriales, Artes Plásticas) Servicios complementarios para los estudiantes de atención directa que lo requieran y según los cupos disponibles: Terapia de Lenguaje, Terapia Física, Psicología, Área Social.","Individuales y grupales",{},"95 personas en total laboran en el centro, de los cuales 11 son docentes todas calificadas en tema de educación curricular y 56 educadores especiales, además 2 terapeutas físicas, 1 psicólogo.","Provincias: Alajuela, Heredia. Cantones: Alajuela: Alajuela, Atenas, Poás Heredia: Santa Bárbara.","Ingresan niños o jóvenes con discapacidad, en edades que oscilan entre 0 meses y 21 años que ingresan ya sea por traslado o por referencia del MEP. Los documentos solicitados son los siguientes: Diagnóstico médico Fotocopia de cédulas de padres o encargados Referencia de Asesoría Regional de Educación Especial Constancia de nacimiento Copia del carné de vacunas Copia del carné de salud: páginas con datos de nacimiento Fotografía tamaño pasaporte del estudiante","El edificio cuenta con rampas de acceso y señalización.","No hay.",0,-,-Diario,79
81,0,"No brinda información.","Ofrecer acciones que conduzcan al desarrollo de las habilidades sociales, cognitivas y psicomotrices, procurando independencia personal y la inserción laboral.","No brinda información.","Manejo de herramientas según capacidades, desarrollo de proyectos.",Individuales,{},"2 Lic. en Artes industriales, con más de 10 años de experiencia combinada, les enseñan ebanistería, creación de muebles, etc.","San Carlos.","Ser vecino de la zona, mayor de 21 años, con dictamen médico o certificación del CONAPDIS que la persona posee retardo mental, luego se aplica el proceso de ingreso.","Si posee condiciones.","No brinda información.",0,-,-Diario,81
82,1,"Gratis, se aceptan cuotas voluntarias.","Dar charla abierta al público sobre la ceguera y los derechos que existen en el estado de costa Rica.","Involucrar los derechos de la Ley 7600 y Defensa de los Derechos Humanos.","brindar consulta gratis con asesor legal sobre derechos humanos y demás leyes que refuerzan los derechos de la persona con discapacidad.",Individuales,{},"Ocupacion: Admin. Empresas con enfasis recurso humano. Formación académica: Admin. Empresas con enfasis recurso humano. Experiencia: Persona miembro de la junta desde hace más de 5 años, persona no vidente. Otras destrezas:",Nacional,"Ser persona no vidente, costarricense.","No hay lugar de atención, se da consulta en hogares o lugares públicos.","Hay actualmente 12 asosiados (7 hombres 5 mujeres), los cuales asesoran a la población no vidente.",1,"- Redes Sociales Servicio 24/7",-Diario,82
83,0,"No brinda información.","Apoyar económicamente a las asociaciones, ONG´s (Caipad) relacionadas con el tema de discapacidad, para aSi también de esta manera contribuir a la comunidad con discapacidad del cantón de Alajuela una forma de ayuda para que puedan mejorar su calidad de vida al asistir a los Caipad o asociaciones.","Brindar apoyo a las ONG´s y a las asociaciones que están vinculadas con el tema de discapacidad, para que puedan salir adelante con sus recursos.","No brinda información.",Grupales,{},"Ocupación: Jefe del departamento Social de la Municipalidad Formación académica: Licenciada Experiencia: más de 10 años Otras destrezas:","Cantón Central de Alajuela","Ser una Asociación de ayuda a la persona con discapacidad y sus familias, estar al día, llenar formulario de solicitud de ayuda economica en la municipalidad, presentar documentos de la asociación, personería, cédula jurídica.","Si la Municipalidad reúne las condiciones de acuerdo a la ley 7600.","No brinda información.",0,-,-,83
84,0,"Las personas con discapacidad pagan una mensualidad de 15 mil colones para materiales y una matrícula de 10 mil colones anual para mantenimiento. Adicional los asociados pagan 5 mil colones por mes.","Trabajar por medio de Terapia Ocupacional para estimular a las personas adultas con discapacidad.","Mejorar la calidad de vida a través de la terapia ocupacional, talleres, etc.","Profesores de educación de especial y artes industriales (se hacen manualidades, trabajan en agricultura e hidroponía, tiene un pequeño centro de reciclaje, hacen maquilas entre otras actividades).",Individuales,{},"Ocupación: Profesor de artes industriales Formación académica: Bachillerato de Ciencias Educación Experiencia: 8 años de trabajar en la asociación. Otras destrezas: Piscicultor y tecnología pesquera, técnicos de artes de pesca","Heredia y San José","Ser mayores de 21 años. Tener un diagnóstico o epicrisis de la discapacidad. Deben movilizarse de forma independiente. Los asociados pagan 5 mil colones por mes para ser socios.","Si reúne las condiciones.","Se trabaja todo el año lectivo según el plan del MEP, y se dan a los grupos herramientas de trabajo acuerdo a la capacidad de motora fina.",0,-,-Diario,84
85,0,"Cuotas fijas para paseos mensuales, alimentación y materiales (Al momento de la entrevista no brindaron el costo actual de la cuota).","Mejorar la calidad de vida a través del cuido y preparación a través de terapia ocupacional y artes industriales o manualidades para permitir la independencia.","Ser un centro de atención especializado a la persona con discapacidad.","Centro de cuido para joven y adulto con discapacidad sea motora, visual, intelectual.",Individuales,{},"Ocupación: Docente de educación especial / Directora Formación académica: Docente de educación especial Experiencia: Más de 10 años de ser docente. Otras destrezas:",Heredia.,"Persona con discapacidad motora o intelectual, vecino de alrededores, adulto joven, se hace un estudio para saber si el usuario podrá formar parte del centro de cuido.","El lugar si cuenta con los requisitos que comprende la normativa.","Actualmente tienen 25 beneficiarios (hombres y mujeres), todos mayores de edad. El servicio principal que brinda la ONG es ser un centro diurno de atención integral, los usuarios reciben artes industriales, manualidades y espacios recreativos para mejorar su independencia. Algunos de los usuarios provienen de albergues estatales, y otros son personas que no pertenecen a ningún albergue a estos el centro les aplica un protocolo de ingreso y se valora si puede entrar o no, luego se inicia un periodo de prueba de tres meses. Actualmente existen 2 docentes, uno de terapeuta ocupacional y artes industriales y otro de educación física. Entre los talleres que se brindan están: taller de piscina taller de baile taller de tarjeterias elaboración abono orgánico reciclaje taller de teatro",0,-,-Diario,85
86,0,"Cuotas fijas para paseos mensuales, alimentación y materiales (Al momento de la entrevista no brindaron el costo actual de la cuota).","Mejorar la calidad de vida a través del cuido y preparación a través de terapia ocupacional y artes industriales o manualidades para permitir la independencia.","Ser un centro de cuido especializado a la persona con discapacidad.","Centro de cuido para joven y adulto con discapacidad sea motora, visual, intelectual.",Individuales,{},"Ocupación: Docente de educación especial / Directora Formación académica: Docente de educación especial Experiencia: Más de 10 años de ser docente. Otras destrezas:",Heredia.,"Persona con discapacidad motora o intelectual, vecino de alrededores, adulto joven, se hace un estudio para saber si el usuario podrá formar parte del centro de cuido.","El lugar si cuenta con los requisitos que comprende la normativa.","Actualmente tienen 25 beneficiarios (hombres y mujeres), todos mayores de edad. El servicio principal que brinda la ONG es ser un centro diurno de atención integral, los usuarios reciben artes industriales, manualidades y espacios recreativos para mejorar su independencia. Algunos de los usuarios provienen de albergues estatales, y otros son personas que no pertenecen a ningún albergue a estos el centro les aplica un protocolo de ingreso y se valora si puede entrar o no, luego se inicia un periodo de prueba de tres meses.",0,-,-Diario,86
87,0,"Cuotas fijas para paseos mensuales, alimentación y materiales (Al momento de la entrevista no brindaron el costo actual de la cuota).","Mejorar la calidad de vida a través del cuido y preparación a través de terapia ocupacional y artes industriales o manualidades para permitir la independencia.","Ser un centro de atención especializado a la persona con discapacidad.","Centro de cuido para joven y adulto con discapacidad sea motora, visual, intelectual.",Individuales,{},"Ocupación: Docente de educación especial / Directora Formación académica: Docente de educación especial Experiencia: Más de 10 años de ser docente. Otras destrezas:",Heredia.,"Persona con discapacidad motora o intelectual, vecino de alrededores, adulto joven, se hace un estudio para saber si el usuario podrá formar parte del centro de cuido.","El lugar si cuenta con los requisitos que comprende la normativa.","Actualmente tienen 25 beneficiarios (hombres y mujeres), todos mayores de edad. El servicio principal que brinda la ONG es ser un centro diurno de atención integral, los usuarios reciben artes industriales, manualidades y espacios recreativos para mejorar su independencia. Algunos de los usuarios provienen de albergues estatales, y otros son personas que no pertenecen a ningún albergue a estos el centro les aplica un protocolo de ingreso y se valora si puede entrar o no, luego se inicia un periodo de prueba de tres meses. Actualmente existen 2 docentes, uno de terapeuta ocupacional y artes industriales y otro de educación física. Entre los talleres que se brindan están: taller de piscina taller de baile taller de tarjeterias elaboración abono orgánico reciclaje taller de teatro",0,-,-Diario,87
88,0,Gratis,"Permitir mejorar la calidad de vida del asociado.","Alquiler de equipo técnico","Alquiler camas ortopedicas.",Individuales,{},"Ocupación: Contador público y Presidente de la asoc. Formación académica: Lic. Contador Público. Experiencia: Más de 14 años de pertenecer al grupo, padre de una persona con Distrofia muscular. Otras destrezas:",Nacional,"Ser asociado, pagar una cuota significativa de ¢500 por mes. Se da prioridad a persona de escasos recursos económicos y ser persona con distrofia muscular.","Si cumple.","La asoc. se sostiene económicamente por medio de donaciones de empresarios, donaciones del estado y rifas que se organizan para recolectar fondos, los equipos que se compran se hace por medio de estos dineros o bien cuando la JPS o empresarios donan sillas de ruedas, camas, sillas de baño u otro equipo en particular.",0,-,"- Semanal",88
89,1,Gratis,"Desarrollar y fortalecer de habilidades y destrezas de las personas con discapacidad, mediante: terapia ocupacional, arte, deporte, recreación, cultura, educación.","Desarrollar y fortalecer de habilidades y destrezas de las personas con discapacidad, mediante: terapia ocupacional, arte, deporte, recreación, cultura, educación.","Terapia ocupacional a través del: arte, deporte, recreación y cultura.",Grupales,{},"Ocupación: Pensionada. Formación académica: Profesora de educación. Experiencia: Más 23 años, es madre una persona con autismo. Otras destrezas:",Heredia,"Cualquier persona con discapacidad, mayor de 20 años, vecinos de Heredia, que posean medio de transporte propio.","Si posee.","Fundada en el año 2009 (8 años de funcionamiento). La organización recibe ayuda económica de la municipalidad, además hacen rifas y ventas para crear sus propios fondos. Actualmente tiene 36 personas beneficiarias de 20 años en adelante, hombres y mujeres con discapacidad intelectual, sensorial y física. Tiene 10 persona voluntarias que apoyan en diferentes áreas, incluido un abogado y un estudiante en informática.",1,-,-Diario,89
